security_name,security_name_full,security_name_tiny,security_code,security_class,security_class_code,security_nominal
"MSNG [TQBR]","МосЭнерго акции обыкн.",+МосЭнерго,MSNG,"МБ ФР: Т+ Акции и ДР",TQBR,1
"AGRO [TQBR]","ГДР ROS AGRO PLC ORD SHS",AGRO-гдр,AGRO,"МБ ФР: Т+ Акции и ДР",TQBR,NULL
"ENPL [TQBR]","ГДР МКПАО "ЭН+ ГРУП" ORD SHS",ENPL-гдр,ENPL,"МБ ФР: Т+ Акции и ДР",TQBR,NULL
"FIVE [TQBR]","ГДР X5 RetailGroup N.V.ORD SHS",FIVE-гдр,FIVE,"МБ ФР: Т+ Акции и ДР",TQBR,NULL
"POLY [TQBR]","Polymetal International plc",Polymetal,POLY,"МБ ФР: Т+ Акции и ДР",TQBR,NULL
"RUAL [TQBR]","United Company RUSAL Plc","RUSAL plc",RUAL,"МБ ФР: Т+ Акции и ДР",TQBR,0
"RAVN [TQBR]","Raven Property Group Limited",Raven,RAVN,"МБ ФР: Т+ Акции и ДР",TQBR,0
"YNDX [TQBR]","PLLC Yandex N.V. class A shs","Yandex clA",YNDX,"МБ ФР: Т+ Акции и ДР",TQBR,0
"QIWI [TQBR]","QIWI PLC",iQIWI,QIWI,"МБ ФР: Т+ Акции и ДР",TQBR,NULL
"UNAC [TQBR]","Об.авиастр.корп. ПАО ао",iАвиастКао,UNAC,"МБ ФР: Т+ Акции и ДР",TQBR,1
"DZRD [TQBR]","Донской завод радиодеталей ао",iДонскЗР,DZRD,"МБ ФР: Т+ Акции и ДР",TQBR,1
"DZRDP [TQBR]","Донской завод радиодеталей ап","iДонскЗР п",DZRDP,"МБ ФР: Т+ Акции и ДР",TQBR,1
"ISKJ [TQBR]","ПАО "ИСКЧ"","iИСКЧ ао",ISKJ,"МБ ФР: Т+ Акции и ДР",TQBR,0
"LVHK [TQBR]","Левенгук ОАО ао",iЛевенгук,LVHK,"МБ ФР: Т+ Акции и ДР",TQBR,10
"NAUK [TQBR]","НПО Наука ао",iНПОНаука,NAUK,"МБ ФР: Т+ Акции и ДР",TQBR,0
"LIFE [TQBR]","Фармсинтез ПАО ао",iФармсинтз,LIFE,"МБ ФР: Т+ Акции и ДР",TQBR,5
"ALRS [TQBR]","АЛРОСА ПАО ао","АЛРОСА ао",ALRS,"МБ ФР: Т+ Акции и ДР",TQBR,1
"ALNU [TQBR]","АЛРОСА-Нюрба ПАО ао",АЛРОСА-Нюр,ALNU,"МБ ФР: Т+ Акции и ДР",TQBR,25
"ABRD [TQBR]","Абрау-Дюрсо ПАО ао",АбрауДюрсо,ABRD,"МБ ФР: Т+ Акции и ДР",TQBR,1
"AVAN [TQBR]","АКБ "АВАНГАРД" ПАО ао",Авангрд-ао,AVAN,"МБ ФР: Т+ Акции и ДР",TQBR,10
"AKRN [TQBR]","Акрон ПАО ао",Акрон,AKRN,"МБ ФР: Т+ Акции и ДР",TQBR,5
"APTK [TQBR]","ПАО "Аптечная сеть 36,6" ао",Аптеки36и6,APTK,"МБ ФР: Т+ Акции и ДР",TQBR,1
"ARSA [TQBR]","УК Арсагера ПАО-ао",Арсагера,ARSA,"МБ ФР: Т+ Акции и ДР",TQBR,1
"ASSB [TQBR]",""Астраханская ЭСК" ПАО",АстрЭнСб,ASSB,"МБ ФР: Т+ Акции и ДР",TQBR,0
"AMEZ [TQBR]","Ашинский метзавод ПАО ао",АшинскийМЗ,AMEZ,"МБ ФР: Т+ Акции и ДР",TQBR,1
"AFLT [TQBR]",Аэрофлот-росс.авиалин(ПАО)ао,Аэрофлот,AFLT,"МБ ФР: Т+ Акции и ДР",TQBR,1
"BSPB [TQBR]","ПАО "Банк "Санкт-Петербург" ао","БСП ао",BSPB,"МБ ФР: Т+ Акции и ДР",TQBR,1
"FTRE [TQBR]","Финансовая группа БУДУЩЕЕ ао","БУДУЩЕЕ ао",FTRE,"МБ ФР: Т+ Акции и ДР",TQBR,1000
"BISV [TQBR]","Башинформсвязь(ПАО) ао","БашИнСв ао",BISV,"МБ ФР: Т+ Акции и ДР",TQBR,1
"BISVP [TQBR]","Башинформсвязь(ПАО) ап","БашИнСв ап",BISVP,"МБ ФР: Т+ Акции и ДР",TQBR,1
"BANE [TQBR]","Башнефть АНК ао","Башнефт ао",BANE,"МБ ФР: Т+ Акции и ДР",TQBR,1
"BANEP [TQBR]","Башнефть АНК ап","Башнефт ап",BANEP,"МБ ФР: Т+ Акции и ДР",TQBR,1
"BLNG [TQBR]","Белон ОАО ао","Белон ао",BLNG,"МБ ФР: Т+ Акции и ДР",TQBR,0
"BELU [TQBR]","Белуга Групп ПАО ао","Белуга ао",BELU,"МБ ФР: Т+ Акции и ДР",TQBR,100
"ALBK [TQBR]","Бест Эффортс Банк ПАО ао","БестЭфБ ао",ALBK,"МБ ФР: Т+ Акции и ДР",TQBR,10
"BRZL [TQBR]","Бурятзолото ПАО ао",БурЗолото,BRZL,"МБ ФР: Т+ Акции и ДР",TQBR,0
"VSMO [TQBR]","Корп. ВСМПО-АВИСМА (ПАО) ао",ВСМПО-АВСМ,VSMO,"МБ ФР: Т+ Акции и ДР",TQBR,1
"VTBR [TQBR]","ао ПАО Банк ВТБ","ВТБ ао",VTBR,"МБ ФР: Т+ Акции и ДР",TQBR,0
"VLHZ [TQBR]","Владимирский химич.з-д(ПАО) ао",ВХЗ-ао,VLHZ,"МБ ФР: Т+ Акции и ДР",TQBR,20
"VDSB [TQBR]",""Владимирэнергосбыт" ПАО","ВЭК 01 ао",VDSB,"МБ ФР: Т+ Акции и ДР",TQBR,3
"VJGZ [TQBR]","Варьеганнефтегаз ПАО ао",Варьеган,VJGZ,"МБ ФР: Т+ Акции и ДР",TQBR,0
"VJGZP [TQBR]","Варьеганнефтегаз ПАО ап",Варьеган-п,VJGZP,"МБ ФР: Т+ Акции и ДР",TQBR,0
"VZRZ [TQBR]","Банк "Возрождение"-ао",Возрожд-ао,VZRZ,"МБ ФР: Т+ Акции и ДР",TQBR,10
"VZRZP [TQBR]","Банк "Возрождение" - ап",Возрожд-п,VZRZP,"МБ ФР: Т+ Акции и ДР",TQBR,10
"VGSB [TQBR]",""Волгоград.энергосбыткомп" ПАО",ВолгЭнСб,VGSB,"МБ ФР: Т+ Акции и ДР",TQBR,0
"VGSBP [TQBR]",""Волгоград.энергосбыткомп" ПАО",ВолгЭнСб-п,VGSBP,"МБ ФР: Т+ Акции и ДР",TQBR,0
"VSYD [TQBR]","Выборгский Суд.Завод ПАО ао","ВыбСудЗ ао",VSYD,"МБ ФР: Т+ Акции и ДР",TQBR,1
"VSYDP [TQBR]","Выборгский Суд.Завод ПАО ап","ВыбСудЗ ап",VSYDP,"МБ ФР: Т+ Акции и ДР",TQBR,1
"GAZA [TQBR]","ГАЗ ПАО ао","ГАЗ ао",GAZA,"МБ ФР: Т+ Акции и ДР",TQBR,1
"GAZAP [TQBR]","ГАЗ ПАО ап","ГАЗ ап",GAZAP,"МБ ФР: Т+ Акции и ДР",TQBR,1
"GAZT [TQBR]","ГАЗ-Тек ПАО ао","ГАЗ-Тек ао",GAZT,"МБ ФР: Т+ Акции и ДР",TQBR,100
"GAZS [TQBR]","ГАЗ-сервис (ПАО) ао",ГАЗ-сервис,GAZS,"МБ ФР: Т+ Акции и ДР",TQBR,10
"GAZC [TQBR]","ГАЗКОН (ПАО) ао",ГАЗКОН-ао,GAZC,"МБ ФР: Т+ Акции и ДР",TQBR,10
"GAZP [TQBR]",""Газпром" (ПАО) ао","ГАЗПРОМ ао",GAZP,"МБ ФР: Т+ Акции и ДР",TQBR,5
"GTSS [TQBR]","ГЕОТЕК Сейсморазведка ПАО ао","ГЕОТЕК ао",GTSS,"МБ ФР: Т+ Акции и ДР",TQBR,0
"GRNT [TQBR]","ГородскиеИнновацТехнологии ао","ГИТ ао",GRNT,"МБ ФР: Т+ Акции и ДР",TQBR,1
"GMKN [TQBR]","ГМК "Нор.Никель" ПАО ао",ГМКНорНик,GMKN,"МБ ФР: Т+ Акции и ДР",TQBR,1
"GTRK [TQBR]","ПАО "ГТМ" ао","ГТМ ао",GTRK,"МБ ФР: Т+ Акции и ДР",TQBR,100
"RTGZ [TQBR]","Газпром газорасп Р-н-Д ПАО ао","ГазпРнД ао",RTGZ,"МБ ФР: Т+ Акции и ДР",TQBR,2000
"SIBN [TQBR]","Газпром нефть ПАО ао",Газпрнефть,SIBN,"МБ ФР: Т+ Акции и ДР",TQBR,0
"HALS [TQBR]","ПАО "Галс-Девелопмент"",Галс-Девел,HALS,"МБ ФР: Т+ Акции и ДР",TQBR,50
"FESH [TQBR]","ДВ морское пароходство ПАО ао","ДВМП ао",FESH,"МБ ФР: Т+ Акции и ДР",TQBR,1
"DVEC [TQBR]",""ДЭК" ПАО ао","ДЭК ао",DVEC,"МБ ФР: Т+ Акции и ДР",TQBR,1
"DASB [TQBR]","ао Дагестанская энергосб.комп.","ДагСб ао",DASB,"МБ ФР: Т+ Акции и ДР",TQBR,0
"DSKY [TQBR]","ПАО Детский мир",ДетскийМир,DSKY,"МБ ФР: Т+ Акции и ДР",TQBR,0
"ZVEZ [TQBR]","ЗВЕЗДА ПАО ао","ЗВЕЗДА ао",ZVEZ,"МБ ФР: Т+ Акции и ДР",TQBR,0
"ZILL [TQBR]","Завод им. И.А.Лихачева ПАО ао","ЗИЛ ао",ZILL,"МБ ФР: Т+ Акции и ДР",TQBR,1000
"DIOD [TQBR]","Завод ДИОД ПАО ао",ЗаводДИОД,DIOD,"МБ ФР: Т+ Акции и ДР",TQBR,0
"RUSI [TQBR]","РУСС-ИНВЕСТ ИК ПАО ао",ИКРУСС-ИНВ,RUSI,"МБ ФР: Т+ Акции и ДР",TQBR,1
"OPIN [TQBR]","ИНГРАД ПАО ао","ИНГРАД ао",OPIN,"МБ ФР: Т+ Акции и ДР",TQBR,1000
"IRKT [TQBR]","Корпорация"ИРКУТ" ПАО ак.об.-3",ИРКУТ-3,IRKT,"МБ ФР: Т+ Акции и ДР",TQBR,3
"IGSTP [TQBR]","Ижсталь ПАО ап","Ижсталь ап",IGSTP,"МБ ФР: Т+ Акции и ДР",TQBR,1000
"IGST [TQBR]","Ижсталь ПАО ао 2в.",Ижсталь2ао,IGST,"МБ ФР: Т+ Акции и ДР",TQBR,1000
"IDVP [TQBR]","ПАО "ИНВЕСТ-ДЕВЕЛОПМЕНТ" - ао",Инв-Девел,IDVP,"МБ ФР: Т+ Акции и ДР",TQBR,1000
"IRAO [TQBR]",""Интер РАО" ПАО ао",ИнтерРАОао,IRAO,"МБ ФР: Т+ Акции и ДР",TQBR,3
"IRGZ [TQBR]",Иркутскэнерго(ПАО)-ао,ИркЭнерго,IRGZ,"МБ ФР: Т+ Акции и ДР",TQBR,1
"KMAZ [TQBR]","КАМАЗ ПАО",КАМАЗ,KMAZ,"МБ ФР: Т+ Акции и ДР",TQBR,50
"KZMS [TQBR]",""КЗМС" ПАО","КЗМС ао",KZMS,"МБ ФР: Т+ Акции и ДР",TQBR,10
"KMEZ [TQBR]","Ковровский механический завод",КМЗ,KMEZ,"МБ ФР: Т+ Акции и ДР",TQBR,250
"KTSB [TQBR]",""Костромск.сбыт.комп" ПАО","КСБ ао",KTSB,"МБ ФР: Т+ Акции и ДР",TQBR,0
"KTSBP [TQBR]",""Костромск.сбыт.комп" ПАО","КСБ ап",KTSBP,"МБ ФР: Т+ Акции и ДР",TQBR,0
"KUNF [TQBR]","Каменск-Уральский завод ОАО ао","КУЗОЦМ ао",KUNF,"МБ ФР: Т+ Акции и ДР",TQBR,1
"KLSB [TQBR]","ао"Калужская сбыт.комп."ПАО",КалужскСК,KLSB,"МБ ФР: Т+ Акции и ДР",TQBR,0
"KCHE [TQBR]","Камчатскэнерго ПАО ао","КамчатЭ ао",KCHE,"МБ ФР: Т+ Акции и ДР",TQBR,0
"KCHEP [TQBR]","Камчатскэнерго ПАО ап","КамчатЭ ап",KCHEP,"МБ ФР: Т+ Акции и ДР",TQBR,0
"TGKD [TQBR]","Квадра ПАО ао",Квадра,TGKD,"МБ ФР: Т+ Акции и ДР",TQBR,0
"TGKDP [TQBR]","Квадра ПАО ап",Квадра-п,TGKDP,"МБ ФР: Т+ Акции и ДР",TQBR,0
"KSGR [TQBR]","Кокс ПАО ао","Кокс ао",KSGR,"МБ ФР: Т+ Акции и ДР",TQBR,0
"KOGK [TQBR]","Коршуновский ГОК ПАО ао","КоршГОК ао",KOGK,"МБ ФР: Т+ Акции и ДР",TQBR,1
"KMTZ [TQBR]","Косогорский метал. завод ПАО","КосогМЗ ао",KMTZ,"МБ ФР: Т+ Акции и ДР",TQBR,1
"KROTP [TQBR]",КрасныйОктябрь-1п,КрасОкт-1п,KROTP,"МБ ФР: Т+ Акции и ДР",TQBR,1
"KROT [TQBR]",""КрасныйОктябрь" ПАО - ао",КрасОкт-ао,KROT,"МБ ФР: Т+ Акции и ДР",TQBR,1
"KRSB [TQBR]","Красноярскэнергосбыт ао","Красэсб ао",KRSB,"МБ ФР: Т+ Акции и ДР",TQBR,0
"KRSBP [TQBR]","Красноярскэнергосбыт ап","Красэсб ап",KRSBP,"МБ ФР: Т+ Акции и ДР",TQBR,0
"KUBE [TQBR]",""Кубаньэнерго" ПАО",Кубанэнр,KUBE,"МБ ФР: Т+ Акции и ДР",TQBR,100
"KBTK [TQBR]","Кузбас.Топл.Комп. ПАО ао","КузбТК ао",KBTK,"МБ ФР: Т+ Акции и ДР",TQBR,0
"KUZB [TQBR]","Банк "Кузнецкий" ПАО ао",КузнецкийБ,KUZB,"МБ ФР: Т+ Акции и ДР",TQBR,0
"KAZT [TQBR]","Куйбышевазот ПАО ао",Куйбазот,KAZT,"МБ ФР: Т+ Акции и ДР",TQBR,1
"KAZTP [TQBR]","Куйбышевазот ПАО ап",Куйбазот-п,KAZTP,"МБ ФР: Т+ Акции и ДР",TQBR,1
"KGKC [TQBR]","Курганская генер.комп.ПАО ао",КурганГКао,KGKC,"МБ ФР: Т+ Акции и ДР",TQBR,7
"KGKCP [TQBR]","Курганская генер. комп. ПАО ап",КурганГКап,KGKCP,"МБ ФР: Т+ Акции и ДР",TQBR,7
"LSRG [TQBR]","Группа ЛСР ПАО ао","ЛСР ао",LSRG,"МБ ФР: Т+ Акции и ДР",TQBR,0
"LKOH [TQBR]","НК ЛУКОЙЛ (ПАО) - ао",ЛУКОЙЛ,LKOH,"МБ ФР: Т+ Акции и ДР",TQBR,0
"LPSB [TQBR]","Липецкая энергосбыт.ком.ОАО ао","ЛЭСК ао",LPSB,"МБ ФР: Т+ Акции и ДР",TQBR,0
"LNZLP [TQBR]",""Лензолото" ПАО ап","Лензол. ап",LNZLP,"МБ ФР: Т+ Акции и ДР",TQBR,1
"LNZL [TQBR]",""Лензолото" ПАО ао",Лензолото,LNZL,"МБ ФР: Т+ Акции и ДР",TQBR,1
"LNTA [TQBR]","Лента Лтд.  др","Лента др",LNTA,"МБ ФР: Т+ Акции и ДР",TQBR,NULL
"LSNGP [TQBR]",Ленэнерго(ПАО)-ап,Ленэнерг-п,LSNGP,"МБ ФР: Т+ Акции и ДР",TQBR,1
"LSNG [TQBR]",Ленэнерго(ПАО)-ао,Ленэнерго,LSNG,"МБ ФР: Т+ Акции и ДР",TQBR,1
"MVID [TQBR]",""М.видео" ПАО ао",М.видео,MVID,"МБ ФР: Т+ Акции и ДР",TQBR,10
"MGTSP [TQBR]","ПАО "МГТС" ап (4 в)",МГТС-4ап,MGTSP,"МБ ФР: Т+ Акции и ДР",TQBR,40
"MGTS [TQBR]","ПАО "МГТС" ао (5 в)",МГТС-5ао,MGTS,"МБ ФР: Т+ Акции и ДР",TQBR,40
"MERF [TQBR]","МЕРИДИАН ПАО ао",МЕРИДИАН,MERF,"МБ ФР: Т+ Акции и ДР",TQBR,0
"CBOM [TQBR]",""МКБ" ПАО ао","МКБ ао",CBOM,"МБ ФР: Т+ Акции и ДР",TQBR,1
"MAGN [TQBR]",""Магнитогорск.мет.комб" ПАО ао",ММК,MAGN,"МБ ФР: Т+ Акции и ДР",TQBR,1
"GEMA [TQBR]","ПАО ММЦБ ао","ММЦБ ао",GEMA,"МБ ФР: Т+ Акции и ДР",TQBR,0
"MSRS [TQBR]","ПАО "МОЭСК" ао",МОЭСК,MSRS,"МБ ФР: Т+ Акции и ДР",TQBR,1
"MRKZ [TQBR]","МРСК Северо-Запада ао","МРСК СЗ",MRKZ,"МБ ФР: Т+ Акции и ДР",TQBR,0
"MRKK [TQBR]","МРСК Сев. Кавказа ао","МРСК СК",MRKK,"МБ ФР: Т+ Акции и ДР",TQBR,1
"MRKU [TQBR]","МРСК Урала (ОАО) ао","МРСК Ур",MRKU,"МБ ФР: Т+ Акции и ДР",TQBR,0
"MRKP [TQBR]","МРСК Центр. и Приволж. ао","МРСК ЦП",MRKP,"МБ ФР: Т+ Акции и ДР",TQBR,0
"MRKC [TQBR]",""МРСК Центра" ПАО ао","МРСК Центр",MRKC,"МБ ФР: Т+ Акции и ДР",TQBR,0
"MRKV [TQBR]","МРСК Волги ао",МРСКВол,MRKV,"МБ ФР: Т+ Акции и ДР",TQBR,0
"MRKS [TQBR]","МРСК Сибири ао",МРСКСиб,MRKS,"МБ ФР: Т+ Акции и ДР",TQBR,0
"MRKY [TQBR]","МРСК Юга ао","МРСКЮга ао",MRKY,"МБ ФР: Т+ Акции и ДР",TQBR,0
"MTSS [TQBR]","Мобильные ТелеСистемы ПАО ао",МТС-ао,MTSS,"МБ ФР: Т+ Акции и ДР",TQBR,0
"MAGE [TQBR]",""Магаданэнерго" ПАО ао","МагадЭн ао",MAGE,"МБ ФР: Т+ Акции и ДР",TQBR,1
"MAGEP [TQBR]",""Магаданэнерго" ПАО ап","МагадЭн ап",MAGEP,"МБ ФР: Т+ Акции и ДР",TQBR,1
"MGNT [TQBR]",""Магнит" ПАО ао","Магнит ао",MGNT,"МБ ФР: Т+ Акции и ДР",TQBR,0
"MFON [TQBR]","МегаФон ПАО ао","МегаФон ао",MFON,"МБ ФР: Т+ Акции и ДР",TQBR,0
"MFGS [TQBR]","ао "Славнефть-Мегионнефтегаз"",Мегион-ао,MFGS,"МБ ФР: Т+ Акции и ДР",TQBR,25
"MFGSP [TQBR]","ап Мегионнефтегаз",Мегион-ап,MFGSP,"МБ ФР: Т+ Акции и ДР",TQBR,25
"MTLR [TQBR]","Мечел ПАО ао","Мечел ао",MTLR,"МБ ФР: Т+ Акции и ДР",TQBR,10
"MTLRP [TQBR]","Мечел ПАО ап","Мечел ап",MTLRP,"МБ ФР: Т+ Акции и ДР",TQBR,10
"MRSB [TQBR]","Мордовск.энергсбыт.комп.ПАО ао",МордЭнСб,MRSB,"МБ ФР: Т+ Акции и ДР",TQBR,0
"MORI [TQBR]","Морион ПАО ао","Морион ао",MORI,"МБ ФР: Т+ Акции и ДР",TQBR,1
"MOEX [TQBR]","ПАО Московская Биржа",МосБиржа,MOEX,"МБ ФР: Т+ Акции и ДР",TQBR,1
"MOBB [TQBR]","Московский областной банк ПАО",МосОблБанк,MOBB,"МБ ФР: Т+ Акции и ДР",TQBR,1
"MSTT [TQBR]","ПАО "МОСТОТРЕСТ" ао",Мостотрест,MSTT,"МБ ФР: Т+ Акции и ДР",TQBR,0
"NKNC [TQBR]",""Нижнекамскнефтехим" ПАО ао","НКНХ ао",NKNC,"МБ ФР: Т+ Акции и ДР",TQBR,1
"NKNCP [TQBR]",""Нижнекамскнефтехим" ПАО ап","НКНХ ап",NKNCP,"МБ ФР: Т+ Акции и ДР",TQBR,1
"NKHP [TQBR]","НКХП ПАО ао","НКХП ао",NKHP,"МБ ФР: Т+ Акции и ДР",TQBR,1
"NLMK [TQBR]","ПАО "НЛМК" ао","НЛМК ао",NLMK,"МБ ФР: Т+ Акции и ДР",TQBR,1
"NMTP [TQBR]","НМТП (ПАО) ао","НМТП ао",NMTP,"МБ ФР: Т+ Акции и ДР",TQBR,0
"NSVZ [TQBR]","Наука-Связь ПАО ао",НаукаСвяз,NSVZ,"МБ ФР: Т+ Акции и ДР",TQBR,1
"NFAZ [TQBR]","Нефтекамский автозавод ПАО ао",Нефтекамск,NFAZ,"МБ ФР: Т+ Акции и ДР",TQBR,1
"NKSH [TQBR]","Нижнекамскшина ПАО ао",Нижкамшина,NKSH,"МБ ФР: Т+ Акции и ДР",TQBR,1
"NVTK [TQBR]","ПАО "НОВАТЭК" ао","Новатэк ао",NVTK,"МБ ФР: Т+ Акции и ДР",TQBR,0
"UWGN [TQBR]","ПАО НПК ОВК ао","ОВК ао",UWGN,"МБ ФР: Т+ Акции и ДР",TQBR,1
"OGKB [TQBR]","ОГК-2 ПАО ао","ОГК-2 ао",OGKB,"МБ ФР: Т+ Акции и ДР",TQBR,0
"UCSS [TQBR]","ПАО ОКС ао","ОКС ао",UCSS,"МБ ФР: Т+ Акции и ДР",TQBR,1000
"OMZZP [TQBR]","ап"Объединён.  маш. заводы"",ОМЗ-ап,OMZZP,"МБ ФР: Т+ Акции и ДР",TQBR,0
"OBUV [TQBR]","ПАО "ОР" ао","ОР ао",OBUV,"МБ ФР: Т+ Акции и ДР",TQBR,100
"KZOS [TQBR]","ПАО "Органический синтез" ао","ОргСинт ао",KZOS,"МБ ФР: Т+ Акции и ДР",TQBR,1
"KZOSP [TQBR]","ПАО "Органический синтез" ап","ОргСинт ап",KZOSP,"МБ ФР: Т+ Акции и ДР",TQBR,1
"PIKK [TQBR]","Группа компания ПИК ПАО ао","ПИК ао",PIKK,"МБ ФР: Т+ Акции и ДР",TQBR,63
"PRTK [TQBR]","ПРОТЕК (ПАО) ао","ПРОТЕК ао",PRTK,"МБ ФР: Т+ Акции и ДР",TQBR,0
"PAZA [TQBR]","Павловский автобус ПАО ао","ПавлАвт ао",PAZA,"МБ ФР: Т+ Акции и ДР",TQBR,415
"PMSBP [TQBR]",""Пермэнергосбыт" ПАО ап",ПермьЭнС-п,PMSBP,"МБ ФР: Т+ Акции и ДР",TQBR,3
"PMSB [TQBR]",""Пермэнергосбыт" ПАО ао",ПермьЭнСб,PMSB,"МБ ФР: Т+ Акции и ДР",TQBR,3
"PLZL [TQBR]","Полюс ПАО ао",Полюс,PLZL,"МБ ФР: Т+ Акции и ДР",TQBR,1
"PRMB [TQBR]","АКБ "Приморье" ао",Приморье,PRMB,"МБ ФР: Т+ Акции и ДР",TQBR,1000
"RBCM [TQBR]","РБК ПАО ао","РБК ао",RBCM,"МБ ФР: Т+ Акции и ДР",TQBR,0
"RGSS [TQBR]","Росгосстрах СК ПАО ао","РГС СК ао",RGSS,"МБ ФР: Т+ Акции и ДР",TQBR,0
"RDRB [TQBR]","РоссийскийДорож Банк ПАО ао","РДБанк ао",RDRB,"МБ ФР: Т+ Акции и ДР",TQBR,124
"CHGZ [TQBR]","РН-Западная Сибирь ПАО ао",РН-ЗапСиб,CHGZ,"МБ ФР: Т+ Акции и ДР",TQBR,0
"ROST [TQBR]","РОСИНТЕР РЕСТОРАНТС (ПАО)",РОСИНТЕРао,ROST,"МБ ФР: Т+ Акции и ДР",TQBR,170
"RASP [TQBR]","ПАО Распадская ао",Распадская,RASP,"МБ ФР: Т+ Акции и ДР",TQBR,0
"RLMN [TQBR]","Группа Компаний Роллман ПАО ао",Роллман,RLMN,"МБ ФР: Т+ Акции и ДР",TQBR,100
"RLMNP [TQBR]","Группа Компаний Роллман ПАО ап",Роллман-п,RLMNP,"МБ ФР: Т+ Акции и ДР",TQBR,100
"ROSB [TQBR]","РОСБАНК ПАО ао","Росбанк ао",ROSB,"МБ ФР: Т+ Акции и ДР",TQBR,10
"ROSN [TQBR]","ПАО НК Роснефть",Роснефть,ROSN,"МБ ФР: Т+ Акции и ДР",TQBR,0
"RSTI [TQBR]",""Российские сети" ПАО ао","Россети ао",RSTI,"МБ ФР: Т+ Акции и ДР",TQBR,1
"RSTIP [TQBR]",""Российские сети" ПАО ап","Россети ап",RSTIP,"МБ ФР: Т+ Акции и ДР",TQBR,1
"RTKM [TQBR]","Ростелеком (ПАО) ао.","Ростел -ао",RTKM,"МБ ФР: Т+ Акции и ДР",TQBR,0
"RTKMP [TQBR]","Ростелеком (ПАО) ап.","Ростел -ап",RTKMP,"МБ ФР: Т+ Акции и ДР",TQBR,0
"AQUA [TQBR]","Русская Аквакультура ПАО ао","РусАква ао",AQUA,"МБ ФР: Т+ Акции и ДР",TQBR,100
"HYDR [TQBR]","ПАО "РусГидро"",РусГидро,HYDR,"МБ ФР: Т+ Акции и ДР",TQBR,1
"RUGR [TQBR]","Русгрэйн Холдинг ПАО ао",Русгрэйн,RUGR,"МБ ФР: Т+ Акции и ДР",TQBR,1
"ROLO [TQBR]",""Русолово" ПАО ао",Русолово,ROLO,"МБ ФР: Т+ Акции и ДР",TQBR,1
"RUSP [TQBR]","Русполимет ПАО ао",Русполимет,RUSP,"МБ ФР: Т+ Акции и ДР",TQBR,0
"RNFT [TQBR]","РуссНефть НК ПАО ао","РуссНфт ао",RNFT,"МБ ФР: Т+ Акции и ДР",TQBR,1
"RZSB [TQBR]",""Рязанская энергосб.комп" ПАО",РязЭнСб,RZSB,"МБ ФР: Т+ Акции и ДР",TQBR,0
"SFIN [TQBR]","САФМАР Фин.Инвестиции ПАО ао","САФМАР ао",SFIN,"МБ ФР: Т+ Акции и ДР",TQBR,1
"SZPR [TQBR]","Сев.-зап. пароходство ПАО",СЗПароход,SZPR,"МБ ФР: Т+ Акции и ДР",TQBR,13
"MGNZ [TQBR]","Соликамский магн.завод(ОАО)ао",СМЗ-ао,MGNZ,"МБ ФР: Т+ Акции и ДР",TQBR,0
"SVAV [TQBR]","ОАО "СОЛЛЕРС" ао",СОЛЛЕРС,SVAV,"МБ ФР: Т+ Акции и ДР",TQBR,13
"SAGO [TQBR]","Самараэнерго (ПАО) - ао",СамарЭн-ао,SAGO,"МБ ФР: Т+ Акции и ДР",TQBR,0
"SAGOP [TQBR]","Самараэнерго (ПАО) - ап",СамарЭн-ап,SAGOP,"МБ ФР: Т+ Акции и ДР",TQBR,0
"KRKN [TQBR]","Саратовский НПЗ ПАО ао",СаратНПЗ,KRKN,"МБ ФР: Т+ Акции и ДР",TQBR,1
"KRKNP [TQBR]","Саратовский НПЗ ПАО ап",СаратНПЗ-п,KRKNP,"МБ ФР: Т+ Акции и ДР",TQBR,1
"SARE [TQBR]",Саратовэнерго(ПАО)-ао,СаратЭн-ао,SARE,"МБ ФР: Т+ Акции и ДР",TQBR,0
"SAREP [TQBR]",Саратовэнерго(ПАО)-ап,СаратЭн-ап,SAREP,"МБ ФР: Т+ Акции и ДР",TQBR,0
"SLEN [TQBR]","ПАО "Сахалинэнерго" ао","Сахэнер ао",SLEN,"МБ ФР: Т+ Акции и ДР",TQBR,10
"SBER [TQBR]","Сбербанк России ПАО ао",Сбербанк,SBER,"МБ ФР: Т+ Акции и ДР",TQBR,3
"SBERP [TQBR]","Сбербанк России ПАО ап",Сбербанк-п,SBERP,"МБ ФР: Т+ Акции и ДР",TQBR,3
"CHMF [TQBR]","Северсталь (ПАО)ао",СевСт-ао,CHMF,"МБ ФР: Т+ Акции и ДР",TQBR,0
"SELG [TQBR]","ПАО "Селигдар"  ао",Селигдар,SELG,"МБ ФР: Т+ Акции и ДР",TQBR,1
"SELGP [TQBR]","ПАО "Селигдар" ап",Селигдар-п,SELGP,"МБ ФР: Т+ Акции и ДР",TQBR,1
"AFKS [TQBR]","АФК "Система" ПАО ао","Система ао",AFKS,"МБ ФР: Т+ Акции и ДР",TQBR,0
"JNOSP [TQBR]","Славнефть-ЯНОС (ПАО) ап",Слав-ЯНОСп,JNOSP,"МБ ФР: Т+ Акции и ДР",TQBR,1
"JNOS [TQBR]","Славнефть-ЯНОС (ПАО) ао",Славн-ЯНОС,JNOS,"МБ ФР: Т+ Акции и ДР",TQBR,1
"STSB [TQBR]","Ставрополэнергосбыт ПАО ао",СтаврЭнСб,STSB,"МБ ФР: Т+ Акции и ДР",TQBR,0
"STSBP [TQBR]","Ставрополэнергосбыт ПАО ап",СтаврЭнСбп,STSBP,"МБ ФР: Т+ Акции и ДР",TQBR,0
"SNGS [TQBR]","Сургутнефтегаз ПАО акции об.",Сургнфгз,SNGS,"МБ ФР: Т+ Акции и ДР",TQBR,1
"SNGSP [TQBR]","Сургутнефтегаз ПАО ап",Сургнфгз-п,SNGSP,"МБ ФР: Т+ Акции и ДР",TQBR,1
"TANL [TQBR]","ТАНТАЛ ПАО ао","ТАНТАЛ ао",TANL,"МБ ФР: Т+ Акции и ДР",TQBR,0
"TANLP [TQBR]","ТАНТАЛ ПАО ап","ТАНТАЛ ап",TANLP,"МБ ФР: Т+ Акции и ДР",TQBR,0
"TGKA [TQBR]","ао ПАО "ТГК-1"",ТГК-1,TGKA,"МБ ФР: Т+ Акции и ДР",TQBR,0
"TGKN [TQBR]","ао ПАО "ТГК-14"",ТГК-14,TGKN,"МБ ФР: Т+ Акции и ДР",TQBR,0
"TGKB [TQBR]","ао ПАО "ТГК-2"",ТГК-2,TGKB,"МБ ФР: Т+ Акции и ДР",TQBR,0
"TGKBP [TQBR]","ап ПАО "ТГК-2"","ТГК-2 ап",TGKBP,"МБ ФР: Т+ Акции и ДР",TQBR,0
"TUZA [TQBR]","Туймаз. завод автобетоновозов","ТЗА ао",TUZA,"МБ ФР: Т+ Акции и ДР",TQBR,10
"KRKO [TQBR]","ТКЗ Красный котельщик ОАО ао","ТКЗКК ао",KRKO,"МБ ФР: Т+ Акции и ДР",TQBR,1
"KRKOP [TQBR]","ТКЗ Красный котельщик ОАО ап","ТКЗКК ап",KRKOP,"МБ ФР: Т+ Акции и ДР",TQBR,1
"TRMK [TQBR]","ПАО ТМК","ТМК ао",TRMK,"МБ ФР: Т+ Акции и ДР",TQBR,10
"KBSB [TQBR]","ТНС энерго Кубань ПАО ао",ТНСэКубань,KBSB,"МБ ФР: Т+ Акции и ДР",TQBR,1
"MISBP [TQBR]","ТНС энерго Марий Эл ПАО ап",ТНСэМаЭл-п,MISBP,"МБ ФР: Т+ Акции и ДР",TQBR,0
"VRSBP [TQBR]","ТНС энерго Воронеж ПАО ап",ТНСэнВор-п,VRSBP,"МБ ФР: Т+ Акции и ДР",TQBR,0
"VRSB [TQBR]","ТНС энерго Воронеж ПАО ао",ТНСэнВорон,VRSB,"МБ ФР: Т+ Акции и ДР",TQBR,0
"MISB [TQBR]","ТНС энерго Марий Эл ПАО ао",ТНСэнМарЭл,MISB,"МБ ФР: Т+ Акции и ДР",TQBR,0
"NNSB [TQBR]","ТНС энерго Нижний Новг.ПАО ао","ТНСэнНН ао",NNSB,"МБ ФР: Т+ Акции и ДР",TQBR,12
"NNSBP [TQBR]","ТНС энерго Нижний Новг.ПАО ап","ТНСэнНН ап",NNSBP,"МБ ФР: Т+ Акции и ДР",TQBR,12
"RTSB [TQBR]","ТНС энерго Ростов. ПАО ао",ТНСэнРст,RTSB,"МБ ФР: Т+ Акции и ДР",TQBR,0
"RTSBP [TQBR]","ТНС энерго Ростов. ПАО ап",ТНСэнРст-п,RTSBP,"МБ ФР: Т+ Акции и ДР",TQBR,0
"YRSB [TQBR]","ТНС энерго Ярославль ПАО ао",ТНСэнЯр,YRSB,"МБ ФР: Т+ Акции и ДР",TQBR,1
"YRSBP [TQBR]","ТНС энерго Ярославль ПАО ап",ТНСэнЯр-п,YRSBP,"МБ ФР: Т+ Акции и ДР",TQBR,1
"TNSE [TQBR]","ПАО ГК "ТНС энерго" ао","ТНСэнрг ао",TNSE,"МБ ФР: Т+ Акции и ДР",TQBR,1
"TORS [TQBR]","ао "Томская распределит.комп."","ТРК ао",TORS,"МБ ФР: Т+ Акции и ДР",TQBR,0
"TORSP [TQBR]","ап "Томская распределит.комп."","ТРК ап",TORSP,"МБ ФР: Т+ Акции и ДР",TQBR,0
"TASB [TQBR]","ао"Тамбов.энергсбыт.комп."ПАО",ТамбЭнСб,TASB,"МБ ФР: Т+ Акции и ДР",TQBR,0
"TASBP [TQBR]","ап"Тамбов.энергсбыт.комп."ПАО",ТамбЭнСб-п,TASBP,"МБ ФР: Т+ Акции и ДР",TQBR,0
"TATN [TQBR]","ПАО "Татнефть" ао","Татнфт 3ао",TATN,"МБ ФР: Т+ Акции и ДР",TQBR,1
"TATNP [TQBR]","ПАО "Татнефть" ап 3 вып.","Татнфт 3ап",TATNP,"МБ ФР: Т+ Акции и ДР",TQBR,1
"TTLK [TQBR]",""Таттелеком" ПАО ао","Таттел. ао",TTLK,"МБ ФР: Т+ Акции и ДР",TQBR,0
"CNTL [TQBR]",""Центральный Телеграф" ПАО ао",Телеграф,CNTL,"МБ ФР: Т+ Акции и ДР",TQBR,1
"CNTLP [TQBR]",""Центральный Телеграф" ПАО ап",Телеграф-п,CNTLP,"МБ ФР: Т+ Акции и ДР",TQBR,1
"TRCN [TQBR]","ТрансКонтейнер ПАО ао","ТрансК ао",TRCN,"МБ ФР: Т+ Акции и ДР",TQBR,1000
"TRFM [TQBR]","ПАО ТрансФин-М ао","ТрансФ ао",TRFM,"МБ ФР: Т+ Акции и ДР",TQBR,0
"TRNFP [TQBR]","Транснефть ПАО акц.пр.","Транснф ап",TRNFP,"МБ ФР: Т+ Акции и ДР",TQBR,1
"URKZ [TQBR]","ПАО "Уральская кузница" ао",УрКузница,URKZ,"МБ ФР: Т+ Акции и ДР",TQBR,1
"USBN [TQBR]","БАНК УРАЛСИБ ПАО ао","УралСиб ао",USBN,"МБ ФР: Т+ Акции и ДР",TQBR,0
"URKA [TQBR]","Уралкалий ПАО ао",Уркалий-ао,URKA,"МБ ФР: Т+ Акции и ДР",TQBR,1
"FEES [TQBR]",""ФСК ЕЭС" ПАО ао","ФСК ЕЭС ао",FEES,"МБ ФР: Т+ Акции и ДР",TQBR,1
"NPOF [TQBR]","ОАО "НПО Физика" ао","Физика ао",NPOF,"МБ ФР: Т+ Акции и ДР",TQBR,120
"PHOR [TQBR]","ФосАгро ПАО ао","ФосАгро ао",PHOR,"МБ ФР: Т+ Акции и ДР",TQBR,3
"HIMC [TQBR]","Химпром ПАО ао","Химпром ао",HIMC,"МБ ФР: Т+ Акции и ДР",TQBR,1
"HIMCP [TQBR]","Химпром ПАО ап","Химпром ап",HIMCP,"МБ ФР: Т+ Акции и ДР",TQBR,1
"WTCM [TQBR]",""Центр междун. торговли"ПАО ао","ЦМТ ао",WTCM,"МБ ФР: Т+ Акции и ДР",TQBR,1
"WTCMP [TQBR]",""Центр междун. торговли"ПАО ап","ЦМТ ап",WTCMP,"МБ ФР: Т+ Акции и ДР",TQBR,1
"PRFN [TQBR]","ЧЗПСН-Профнастил (ПАО) ао","ЧЗПСН ао",PRFN,"МБ ФР: Т+ Акции и ДР",TQBR,0
"CHKZ [TQBR]",""ЧКПЗ" ПАО ао","ЧКПЗ ао",CHKZ,"МБ ФР: Т+ Акции и ДР",TQBR,200
"CHMK [TQBR]",""ЧМК" ПАО ао","ЧМК ао",CHMK,"МБ ФР: Т+ Акции и ДР",TQBR,1
"CHEP [TQBR]",""ЧТПЗ" ПАО ао","ЧТПЗ ао",CHEP,"МБ ФР: Т+ Акции и ДР",TQBR,1
"GCHE [TQBR]","Группа Черкизово ПАО-ао",ЧеркизГ-ао,GCHE,"МБ ФР: Т+ Акции и ДР",TQBR,0
"ELTZ [TQBR]","Электроцинк ПАО ао",Электрцинк,ELTZ,"МБ ФР: Т+ Акции и ДР",TQBR,1
"ENRU [TQBR]",""Энел Россия" ПАО","ЭнелРос ао",ENRU,"МБ ФР: Т+ Акции и ДР",TQBR,1
"RKKE [TQBR]","РКК Энергия им.С.П.Королева ао",ЭнергияРКК,RKKE,"МБ ФР: Т+ Акции и ДР",TQBR,1000
"UTAR [TQBR]","Авиакомания "ЮТэйр" (ПАО) ао","ЮТэйр ао",UTAR,"МБ ФР: Т+ Акции и ДР",TQBR,1
"UNKL [TQBR]","Южно-Уральский никел. комб. ао","ЮУНК ао",UNKL,"МБ ФР: Т+ Акции и ДР",TQBR,1
"UKUZ [TQBR]","Южный Кузбасс ПАО ао","ЮжКузб. ао",UKUZ,"МБ ФР: Т+ Акции и ДР",TQBR,0
"UPRO [TQBR]","Юнипро ПАО ао","Юнипро ао",UPRO,"МБ ФР: Т+ Акции и ДР",TQBR,0
"YAKG [TQBR]","Якутская топл.-энерг. комп. ао","ЯТЭК ао",YAKG,"МБ ФР: Т+ Акции и ДР",TQBR,1
"YKENP [TQBR]","АК "Якутскэнерго" (ПАО) ап",Якутскэн-п,YKENP,"МБ ФР: Т+ Акции и ДР",TQBR,1
"YKEN [TQBR]","АК "Якутскэнерго" (ПАО) ао",Якутскэнрг,YKEN,"МБ ФР: Т+ Акции и ДР",TQBR,1
